kedalaman,kode_referensi,kabkota,provinsi,ika_2022,ika_2023,ika_2024,ika_2025
"KABKOTA","5104","Kabupaten Gianyar","Bali","65.06","74.38","73.44","73.41"
"KABKOTA","5107","Kabupaten Karangasem","Bali","79.86","80.22","82.58","75.48"
"KABKOTA","5108","Kabupaten Buleleng","Bali","70.53","73.65","75.02","82.76"
"KABKOTA","5101","Kabupaten Jembrana","Bali","73.36","77.45","76.15","80.3"
"KABKOTA","5171","Kota Denpasar","Bali","61.74","65.5","66.58","72.41"
"KABKOTA","5103","Kabupaten Badung","Bali","71.59","71.47","71.8","72.39"
"KABKOTA","5106","Kabupaten Bangli","Bali","65.01","72.17","71.72","77.83"
"KABKOTA","5105","Kabupaten Klungkung","Bali","68.56","73.99","76.78","79.04"
"KABKOTA","5102","Kabupaten Tabanan","Bali","70.08","73.95","76.49","76.25"
"KABKOTA","3602","Kabupaten Lebak","Banten","77.42","76.63","74.43","77.54"
"KABKOTA","3671","Kota Tangerang","Banten","68.35","60.84","62.12","66.97"
"KABKOTA","3674","Kota Tangerang Selatan","Banten","71.99","71.01","68.22","68.34"
"KABKOTA","3603","Kabupaten Tangerang","Banten","65.71","62.03","59.44","64.1"
"KABKOTA","3601","Kabupaten Pandeglang","Banten","67.79","71.81","68.66","72.33"
"KABKOTA","3672","Kota Cilegon","Banten","59.58","70.45","65.1","78.14"
"KABKOTA","3673","Kota Serang","Banten","67.96","60.39","67.02","74.06"
"KABKOTA","3604","Kabupaten Serang","Banten","65.5","66.96","67.51","67.53"
"KABKOTA","1701","Kabupaten Bengkulu Selatan","Bengkulu","66","56.08","62.45","60.75"
"KABKOTA","1771","Kota Bengkulu","Bengkulu","53.24","57.42","58.63","59.91"
"KABKOTA","1709","Kabupaten Bengkulu Tengah","Bengkulu","58.92","69.47","61.11","62.25"
"KABKOTA","1702","Kabupaten Rejang Lebong","Bengkulu","74.94","74.23","75.57","77.15"
"KABKOTA","1707","Kabupaten Lebong","Bengkulu","63.1","68.32","70.79","67.65"
"KABKOTA","1708","Kabupaten Kepahiang","Bengkulu","63.9","63.62","65.44","64.5"
"KABKOTA","1703","Kabupaten Bengkulu Utara","Bengkulu","59.34","58.68","83","83.22"
"KABKOTA","1706","Kabupaten Mukomuko","Bengkulu","68.97","47.28","54.21","80.21"
"KABKOTA","1704","Kabupaten Kaur","Bengkulu","65.49","","72.96","68.94"
"KABKOTA","1705","Kabupaten Seluma","Bengkulu","64.93","76.3","","60.11"
"KABKOTA","3401","Kabupaten Kulon Progo","Daerah Istimewa Yogyakarta","73.11","78.07","75.79","72.35"
"KABKOTA","3404","Kabupaten Sleman","Daerah Istimewa Yogyakarta","75.8","76.02","73.05","70.27"
"KABKOTA","3471","Kota Yogyakarta","Daerah Istimewa Yogyakarta","69.07","68.62","67.97","67.72"
"KABKOTA","3402","Kabupaten Bantul","Daerah Istimewa Yogyakarta","72.25","72.5","72.24","70.22"
"KABKOTA","3403","Kabupaten Gunung Kidul","Daerah Istimewa Yogyakarta","66.69","76.55","81.69","82.77"
"KABKOTA","3173","Kota Jakarta Pusat","DKI Jakarta","68.1","66.02","61.84","57.61"
"KABKOTA","3172","Kota Jakarta Timur","DKI Jakarta","68.17","65.16","61.99","59.14"
"KABKOTA","3175","Kota Jakarta Utara","DKI Jakarta","63.76","54.82","53.96","55.74"
"KABKOTA","3171","Kota Jakarta Selatan","DKI Jakarta","68.11","63.62","61.65","58.79"
"KABKOTA","3174","Kota Jakarta Barat","DKI Jakarta","70.04","59.78","56.05","51.54"
"KABKOTA","3101","Kabupaten Adm. Kepulauan Seribu","DKI Jakarta","","","43.43",""
"KABKOTA","7504","Kabupaten Bone Bolango","Gorontalo","75.37","76.97","70.67","66.16"
"KABKOTA","7502","Kabupaten Gorontalo","Gorontalo","73.2","74.93","71.64","70.74"
"KABKOTA","7503","Kabupaten Pohuwato","Gorontalo","73.78","71.32","70.36","63.79"
"KABKOTA","7505","Kabupaten Gorontalo Utara","Gorontalo","71.67","72.6","70.73","73.69"
"KABKOTA","7571","Kota Gorontalo","Gorontalo","82.57","83.2","86.75","84.29"
"KABKOTA","7501","Kabupaten Boalemo","Gorontalo","64.69","75.46","","68.48"
"KABKOTA","1501","Kabupaten Kerinci","Jambi","77.06","74.13","59.39","58.2"
"KABKOTA","1509","Kabupaten Bungo","Jambi","75.87","76.02","75.42","72.16"
"KABKOTA","1572","Kota Sungai Penuh","Jambi","69.23","76.84","73.65","69.18"
"KABKOTA","1507","Kabupaten Tanjung Jabung Barat","Jambi","66.37","68.29","73.64","61.21"
"KABKOTA","1504","Kabupaten Batang Hari","Jambi","71.9","70.28","68.05","69.36"
"KABKOTA","1503","Kabupaten Sarolangun","Jambi","71.99","74.65","76.94","75.38"
"KABKOTA","1505","Kabupaten Muaro Jambi","Jambi","68.07","69.06","70.71","63.03"
"KABKOTA","1508","Kabupaten Tebo","Jambi","76.09","71.99","70.88","67.37"
"KABKOTA","1506","Kabupaten Tanjung Jabung Timur","Jambi","68.39","67.23","69.8","66.59"
"KABKOTA","1502","Kabupaten Merangin","Jambi","","","43.24","77.04"
"KABKOTA","1571","Kota Jambi","Jambi","57.53","53.24","54.68","56.27"
"KABKOTA","3273","Kota Bandung","Jawa Barat","55.91","54.54","53.51","55.2"
"KABKOTA","3209","Kabupaten Cirebon","Jawa Barat","67.66","72.4","70.31","73.93"
"KABKOTA","3276","Kota Depok","Jawa Barat","63.12","68.61","66.95","67.17"
"KABKOTA","3202","Kabupaten Sukabumi","Jawa Barat","65.92","65.01","69.13","65.53"
"KABKOTA","3208","Kabupaten Kuningan","Jawa Barat","70.24","70.94","69","75.97"
"KABKOTA","3207","Kabupaten Ciamis","Jawa Barat","79.68","80.96","80.52","77.16"
"KABKOTA","3271","Kota Bogor","Jawa Barat","69.33","71.86","67.62","66.84"
"KABKOTA","3279","Kota Banjar","Jawa Barat","60.66","59.89","66.05","62.36"
"KABKOTA","3201","Kabupaten Bogor","Jawa Barat","65.85","67.83","68.97","66.8"
"KABKOTA","3216","Kabupaten Bekasi","Jawa Barat","54.52","53.84","54.54","54.69"
"KABKOTA","3210","Kabupaten Majalengka","Jawa Barat","64.75","58.98","66.69","68.92"
"KABKOTA","3278","Kota Tasikmalaya","Jawa Barat","65.58","67.22","66.9","67.23"
"KABKOTA","3203","Kabupaten Cianjur","Jawa Barat","71.53","68.68","74.85","72.37"
"KABKOTA","3272","Kota Sukabumi","Jawa Barat","75.86","69.12","81.27","81.67"
"KABKOTA","3204","Kabupaten Bandung","Jawa Barat","69.5","65.81","66.7","66.62"
"KABKOTA","3205","Kabupaten Garut","Jawa Barat","74.19","69.75","68.49","78.2"
"KABKOTA","3214","Kabupaten Purwakarta","Jawa Barat","64.91","70.82","69.93","74.94"
"KABKOTA","3277","Kota Cimahi","Jawa Barat","49.83","47.72","51.12","55.89"
"KABKOTA","3275","Kota Bekasi","Jawa Barat","58.61","56.47","57.39","56.35"
"KABKOTA","3217","Kabupaten Bandung Barat","Jawa Barat","60.55","57.52","55.96","58.92"
"KABKOTA","3218","Kabupaten Pangandaran","Jawa Barat","64.03","65.91","56.31","75.91"
"KABKOTA","3206","Kabupaten Tasikmalaya","Jawa Barat","69.11","72.45","",""
"KABKOTA","3211","Kabupaten Sumedang","Jawa Barat","62.7","67.32","63.75","70.71"
"KABKOTA","3274","Kota Cirebon","Jawa Barat","50.64","52.41","61.41","66.14"
"KABKOTA","3213","Kabupaten Subang","Jawa Barat","62.63","61.34","68.22","68"
"KABKOTA","3212","Kabupaten Indramayu","Jawa Barat","65.32","61.13","64.58","60.14"
"KABKOTA","3215","Kabupaten Karawang","Jawa Barat","63.47","62.52","62.64","65.55"
"KABKOTA","3313","Kabupaten Karanganyar","Jawa Tengah","73.49","69.58","72.91","75.01"
"KABKOTA","3315","Kabupaten Grobogan","Jawa Tengah","73.31","69.28","71.18","72.28"
"KABKOTA","3319","Kabupaten Kudus","Jawa Tengah","63.34","59.83","67.34","68.8"
"KABKOTA","3374","Kota Semarang","Jawa Tengah","62","58.74","59.9","66.2"
"KABKOTA","3371","Kota Magelang","Jawa Tengah","79.82","76.59","71.28","80.85"
"KABKOTA","3373","Kota Salatiga","Jawa Tengah","","72.08","73.98","73.76"
"KABKOTA","3376","Kota Tegal","Jawa Tengah","61.59","68.53","56.03","67.41"
"KABKOTA","3314","Kabupaten Sragen","Jawa Tengah","66.95","70.65","73.37","69.49"
"KABKOTA","3301","Kabupaten Cilacap","Jawa Tengah","66.82","69.74","68.43","67.63"
"KABKOTA","3303","Kabupaten Purbalingga","Jawa Tengah","74.04","77.15","75.4","69.17"
"KABKOTA","3312","Kabupaten Wonogiri","Jawa Tengah","72.86","73.78","74.53","75.53"
"KABKOTA","3375","Kota Pekalongan","Jawa Tengah","57.61","59.29","70.94","68.3"
"KABKOTA","3326","Kabupaten Pekalongan","Jawa Tengah","59.78","58.21","64.18","70.54"
"KABKOTA","3305","Kabupaten Kebumen","Jawa Tengah","74.85","72.44","74.04","74.93"
"KABKOTA","3307","Kabupaten Wonosobo","Jawa Tengah","74.64","75.93","75.24","75.6"
"KABKOTA","3329","Kabupaten Brebes","Jawa Tengah","73.2","71.93","80.01","78.51"
"KABKOTA","3372","Kota Surakarta","Jawa Tengah","70.45","65.64","68.79","69.05"
"KABKOTA","3328","Kabupaten Tegal","Jawa Tengah","70.5","73.95","70.64","75.27"
"KABKOTA","3322","Kabupaten Semarang","Jawa Tengah","68.06","73.1","74.57","73.46"
"KABKOTA","3318","Kabupaten Pati","Jawa Tengah","65.04","69.23","66.76","58.87"
"KABKOTA","3317","Kabupaten Rembang","Jawa Tengah","75.06","73.91","73.07","76.53"
"KABKOTA","3309","Kabupaten Boyolali","Jawa Tengah","63.15","65.43","72.53","77.78"
"KABKOTA","3323","Kabupaten Temanggung","Jawa Tengah","65.25","73.82","71.55","74.33"
"KABKOTA","3302","Kabupaten Banyumas","Jawa Tengah","72.55","72.07","75.77","75.67"
"KABKOTA","3308","Kabupaten Magelang","Jawa Tengah","75.09","74.21","74.5","76.15"
"KABKOTA","3311","Kabupaten Sukoharjo","Jawa Tengah","65.87","68.68","69.65","72.03"
"KABKOTA","3325","Kabupaten Batang","Jawa Tengah","65.91","61.37","69.65","71.36"
"KABKOTA","3304","Kabupaten Banjarnegara","Jawa Tengah","72.95","73.65","77.95","75.6"
"KABKOTA","3306","Kabupaten Purworejo","Jawa Tengah","72.61","76.83","73.04","78.96"
"KABKOTA","3316","Kabupaten Blora","Jawa Tengah","74.52","77.67","74.77","77.93"
"KABKOTA","3327","Kabupaten Pemalang","Jawa Tengah","76.13","76.17","75.96","75.14"
"KABKOTA","3310","Kabupaten Klaten","Jawa Tengah","48.18","71.08","65.8","66.17"
"KABKOTA","3320","Kabupaten Jepara","Jawa Tengah","46.94","46.43","67.49","59.92"
"KABKOTA","3324","Kabupaten Kendal","Jawa Tengah","51.56","50.09","62.16","68.55"
"KABKOTA","3321","Kabupaten Demak","Jawa Tengah","57.26","74","70.25","72.18"
"KABKOTA","3578","Kota Surabaya","Jawa Timur","64.05","62.17","61.57","65.41"
"KABKOTA","3524","Kabupaten Lamongan","Jawa Timur","70.03","70.58","69.56","71.71"
"KABKOTA","3508","Kabupaten Lumajang","Jawa Timur","75.3","74.22","72.49","77.61"
"KABKOTA","3518","Kabupaten Nganjuk","Jawa Timur","69.67","71.2","68.34","77.51"
"KABKOTA","3528","Kabupaten Pamekasan","Jawa Timur","76.06","63.84","59.19","65.59"
"KABKOTA","3523","Kabupaten Tuban","Jawa Timur","75.39","75.88","75.37","72.89"
"KABKOTA","3529","Kabupaten Sumenep","Jawa Timur","66.28","68.72","60.28","71.17"
"KABKOTA","3519","Kabupaten Madiun","Jawa Timur","77.91","73.37","73.1","74.24"
"KABKOTA","3512","Kabupaten Situbondo","Jawa Timur","79.54","76.7","69.9","72.53"
"KABKOTA","3515","Kabupaten Sidoarjo","Jawa Timur","65.85","67.03","66.85","71.8"
"KABKOTA","3525","Kabupaten Gresik","Jawa Timur","62.31","62.4","65.41","66.21"
"KABKOTA","3572","Kota Blitar","Jawa Timur","70.05","70.77","69.82","70.86"
"KABKOTA","3504","Kabupaten Tulungagung","Jawa Timur","72.67","73.93","70.12","69.76"
"KABKOTA","3576","Kota Mojokerto","Jawa Timur","78.25","72.8","68.76","65.75"
"KABKOTA","3513","Kabupaten Probolinggo","Jawa Timur","70.01","74.33","69.61","68.74"
"KABKOTA","3521","Kabupaten Ngawi","Jawa Timur","76.67","70.96","70.31","72.74"
"KABKOTA","3520","Kabupaten Magetan","Jawa Timur","72.46","70.01","74.42","79.32"
"KABKOTA","3516","Kabupaten Mojokerto","Jawa Timur","77.14","73.29","69.86","78.51"
"KABKOTA","3514","Kabupaten Pasuruan","Jawa Timur","72.45","73.72","77.11","70.25"
"KABKOTA","3575","Kota Pasuruan","Jawa Timur","64.82","65.84","65.34","63.41"
"KABKOTA","3505","Kabupaten Blitar","Jawa Timur","73.4","73.59","73.36","76.79"
"KABKOTA","3577","Kota Madiun","Jawa Timur","69.41","69.54","73.02","71.32"
"KABKOTA","3574","Kota Probolinggo","Jawa Timur","61.38","63.98","68.99","67.41"
"KABKOTA","3579","Kota Batu","Jawa Timur","77.41","71.06","71.46","70.51"
"KABKOTA","3526","Kabupaten Bangkalan","Jawa Timur","72.95","70.6","72.07","73.7"
"KABKOTA","3507","Kabupaten Malang","Jawa Timur","77.57","79.25","79.29","80.41"
"KABKOTA","3522","Kabupaten Bojonegoro","Jawa Timur","70.45","75.99","74.81","68.89"
"KABKOTA","3502","Kabupaten Ponorogo","Jawa Timur","71.99","67.61","64.56","73"
"KABKOTA","3511","Kabupaten Bondowoso","Jawa Timur","73.98","71.18","67.22","76.61"
"KABKOTA","3527","Kabupaten Sampang","Jawa Timur","77.32","67.51","73.5","79.49"
"KABKOTA","3501","Kabupaten Pacitan","Jawa Timur","70.46","66.8","64.17","71.92"
"KABKOTA","3510","Kabupaten Banyuwangi","Jawa Timur","","77.71","77.58","74.28"
"KABKOTA","3509","Kabupaten Jember","Jawa Timur","72.76","76.28","71.24","76.76"
"KABKOTA","3571","Kota Kediri","Jawa Timur","73.04","72.17","78.11","68.87"
"KABKOTA","3506","Kabupaten Kediri","Jawa Timur","72.31","72.89","74.01","74.21"
"KABKOTA","3503","Kabupaten Trenggalek","Jawa Timur","77.04","69.72","78.93","76.3"
"KABKOTA","3573","Kota Malang","Jawa Timur","72.71","63.75","71.41","71.12"
"KABKOTA","3517","Kabupaten Jombang","Jawa Timur","69.31","75.96","78.37","73.89"
"KABKOTA","6171","Kota Pontianak","Kalimantan Barat","76.32","65.94","73.46","69.06"
"KABKOTA","6101","Kabupaten Sambas","Kalimantan Barat","70.88","74.31","67.01","63.18"
"KABKOTA","6102","Kabupaten Bengkayang","Kalimantan Barat","73.2","71.24","69.16","63.44"
"KABKOTA","6172","Kota Singkawang","Kalimantan Barat","77.18","74.5","65.65","65.43"
"KABKOTA","6103","Kabupaten Landak","Kalimantan Barat","72.75","72.27","76.39","70.39"
"KABKOTA","6111","Kabupaten Kayong Utara","Kalimantan Barat","64.71","55.75","68.23","72.15"
"KABKOTA","6104","Kabupaten Mempawah","Kalimantan Barat","72.31","67.56","59.6","54.04"
"KABKOTA","6105","Kabupaten Sanggau","Kalimantan Barat","70.9","72.03","73.26","67.83"
"KABKOTA","6108","Kabupaten Kapuas Hulu","Kalimantan Barat","73.24","74.82","74.36","67.41"
"KABKOTA","6109","Kabupaten Sekadau","Kalimantan Barat","69.66","71.08","65.51","70.58"
"KABKOTA","6107","Kabupaten Sintang","Kalimantan Barat","78.3","74.56","67.07","74.32"
"KABKOTA","6110","Kabupaten Melawi","Kalimantan Barat","73.16","73.59","70.41","70"
"KABKOTA","6112","Kabupaten Kubu Raya","Kalimantan Barat","62.93","66.76","59.63","59"
"KABKOTA","6106","Kabupaten Ketapang","Kalimantan Barat","66.13","62.98","66.45","63.73"
"KABKOTA","6307","Kabupaten Hulu Sungai Tengah","Kalimantan Selatan","76.79","78.84","78.77","76.69"
"KABKOTA","6371","Kota Banjarmasin","Kalimantan Selatan","67.53","63.53","57.4","62.35"
"KABKOTA","6309","Kabupaten Tabalong","Kalimantan Selatan","69","69.12","74.34","74.34"
"KABKOTA","6303","Kabupaten Banjar","Kalimantan Selatan","66.36","72.14","72.48","74.82"
"KABKOTA","6306","Kabupaten Hulu Sungai Selatan","Kalimantan Selatan","81.87","81.19","70.24","67.05"
"KABKOTA","6305","Kabupaten Tapin","Kalimantan Selatan","72.23","72.25","70.51","64.97"
"KABKOTA","6310","Kabupaten Tanah Bumbu","Kalimantan Selatan","76.73","79.07","76.46","75.73"
"KABKOTA","6308","Kabupaten Hulu Sungai Utara","Kalimantan Selatan","55.47","69.95","68.44","65.51"
"KABKOTA","6304","Kabupaten Barito Kuala","Kalimantan Selatan","66.94","64.18","63.45","64.02"
"KABKOTA","6301","Kabupaten Tanah Laut","Kalimantan Selatan","72.57","72.52","70.5","74.11"
"KABKOTA","6302","Kabupaten Kotabaru","Kalimantan Selatan","72.19","79.25","75.89","75.17"
"KABKOTA","6311","Kabupaten Balangan","Kalimantan Selatan","76.28","74.65","74.57","74.26"
"KABKOTA","6372","Kota Banjarbaru","Kalimantan Selatan","75.99","67.4","69.78","69.05"
"KABKOTA","6271","Kota Palangkaraya","Kalimantan Tengah","64.89","53.64","59.93","55.04"
"KABKOTA","6205","Kabupaten Barito Utara","Kalimantan Tengah","75.09","72.27","70.89","70.74"
"KABKOTA","6202","Kabupaten Kotawaringin Timur","Kalimantan Tengah","73.63","70.92","55.35","61.24"
"KABKOTA","6207","Kabupaten Lamandau","Kalimantan Tengah","81.22","79.45","81.86","77.16"
"KABKOTA","6211","Kabupaten Gunung Mas","Kalimantan Tengah","69.18","75.84","68.39","67.32"
"KABKOTA","6209","Kabupaten Katingan","Kalimantan Tengah","72.3","66.87","68.77","71.51"
"KABKOTA","6203","Kabupaten Kapuas","Kalimantan Tengah","66.61","59.37","62.96","66.52"
"KABKOTA","6206","Kabupaten Sukamara","Kalimantan Tengah","72.8","72.62","69.29","77.81"
"KABKOTA","6208","Kabupaten Seruyan","Kalimantan Tengah","78.79","81.96","77.39","76.63"
"KABKOTA","6210","Kabupaten Pulang Pisau","Kalimantan Tengah","59.43","62.64","53","52.74"
"KABKOTA","6201","Kabupaten Kotawaringin Barat","Kalimantan Tengah","77.42","79.03","79.98","76.82"
"KABKOTA","6213","Kabupaten Murung Raya","Kalimantan Tengah","78.15","74.35","75.94","74.43"
"KABKOTA","6212","Kabupaten Barito Timur","Kalimantan Tengah","78.18","76.33","79.68","75.8"
"KABKOTA","6204","Kabupaten Barito Selatan","Kalimantan Tengah","70.44","71.92","70.54","70.81"
"KABKOTA","6471","Kota Balikpapan","Kalimantan Timur","73.71","64.45","63.06","71.17"
"KABKOTA","6404","Kabupaten Kutai Timur","Kalimantan Timur","71.86","67.95","70.67","69.31"
"KABKOTA","6474","Kota Bontang","Kalimantan Timur","78.95","73.83","70.49","73.61"
"KABKOTA","6402","Kabupaten Kutai Barat","Kalimantan Timur","80.64","74.19","70.92","68.17"
"KABKOTA","6401","Kabupaten Paser","Kalimantan Timur","72.77","73.55","71.7","72.46"
"KABKOTA","6409","Kabupaten Penajam Paser Utara","Kalimantan Timur","73.27","68.15","62.4","68.18"
"KABKOTA","6472","Kota Samarinda","Kalimantan Timur","64.93","68.55","66.97","70.14"
"KABKOTA","6405","Kabupaten Berau","Kalimantan Timur","78.46","74.13","76.18","72.63"
"KABKOTA","6411","Kabupaten Mahakam Ulu","Kalimantan Timur","82.33","79.5","79.04","73.88"
"KABKOTA","6403","Kabupaten Kutai Kartanegara","Kalimantan Timur","68.9","70.96","68.48","68.62"
"KABKOTA","6571","Kota Tarakan","Kalimantan Utara","75.11","72.52","68.29","75.45"
"KABKOTA","6504","Kabupaten Nunukan","Kalimantan Utara","77.02","76.82","76.27","75.14"
"KABKOTA","6502","Kabupaten Bulungan","Kalimantan Utara","74.9","76.97","76.17","78.64"
"KABKOTA","6501","Kabupaten Malinau","Kalimantan Utara","73.93","75.47","72.42","71.61"
"KABKOTA","6503","Kabupaten Tana Tidung","Kalimantan Utara","64.99","71.78","64.12","62.28"
"KABKOTA","1906","Kabupaten Belitung Timur","Kepulauan Bangka Belitung","70.7","75.94","72.65","76.42"
"KABKOTA","1901","Kabupaten Bangka","Kepulauan Bangka Belitung","71.81","71.28","70.58","67.27"
"KABKOTA","1903","Kabupaten Bangka Barat","Kepulauan Bangka Belitung","77.89","71.39","75.65","74.35"
"KABKOTA","1902","Kabupaten Belitung","Kepulauan Bangka Belitung","75.81","78.21","75.84","74.59"
"KABKOTA","1905","Kabupaten Bangka Selatan","Kepulauan Bangka Belitung","72.65","71.97","70.67","67.54"
"KABKOTA","1904","Kabupaten Bangka Tengah","Kepulauan Bangka Belitung","66.17","68.74","63.08","68.9"
"KABKOTA","1971","Kota Pangkal Pinang","Kepulauan Bangka Belitung","74.37","70.73","68.2","71.09"
"KABKOTA","2102","Kabupaten Bintan","Kepulauan Riau","79.89","81.77","68.74","82.76"
"KABKOTA","2105","Kabupaten Kepulauan Anambas","Kepulauan Riau","","86.61","81.94","73.56"
"KABKOTA","2104","Kabupaten Lingga","Kepulauan Riau","83.83","72.1","79.94","79.3"
"KABKOTA","2103","Kabupaten Natuna","Kepulauan Riau","83.13","","74.28","76.64"
"KABKOTA","2101","Kabupaten Karimun","Kepulauan Riau","63.12","73.13","75.55","72.56"
"KABKOTA","2172","Kota Tanjung Pinang","Kepulauan Riau","77.11","75.92","63.26","73.78"
"KABKOTA","2171","Kota Batam","Kepulauan Riau","74.42","71.6","68.8",""
"KABKOTA","1807","Kabupaten Way Kanan","Lampung","73.53","76.62","75.76","75.94"
"KABKOTA","1801","Kabupaten Lampung Barat","Lampung","81.12","81.84","84.1","77.64"
"KABKOTA","1808","Kabupaten Tulang Bawang","Lampung","","63.4","74.86","73.32"
"KABKOTA","1803","Kabupaten Lampung Selatan","Lampung","71.62","68.99","77.01","76.05"
"KABKOTA","1802","Kabupaten Tanggamus","Lampung","72.41","70.55","75.71","72.58"
"KABKOTA","1806","Kabupaten Lampung Utara","Lampung","73.03","","75.54","76.19"
"KABKOTA","1805","Kabupaten Lampung Tengah","Lampung","73.66","66.78","72.89","71.33"
"KABKOTA","1809","Kabupaten Pesawaran","Lampung","72.08","71.42","73.61","72.02"
"KABKOTA","1810","Kabupaten Pringsewu","Lampung","72.54","68.91","71.93","72.46"
"KABKOTA","1804","Kabupaten Lampung Timur","Lampung","69.48","69.84","73.46","75.57"
"KABKOTA","1871","Kota Bandar Lampung","Lampung","71.72","68.31","75.55","75.9"
"KABKOTA","1813","Kabupaten Pesisir Barat","Lampung","74.46","73.91","77.61","82.28"
"KABKOTA","1872","Kota Metro","Lampung","72.5","71.58","66.34","63.14"
"KABKOTA","1811","Kabupaten Mesuji","Lampung","73.53","67.4","62.59","68.28"
"KABKOTA","1812","Kabupaten Tulang Bawang Barat","Lampung","72.7","67.76","75.39","73.16"
"KABKOTA","8102","Kabupaten Maluku Tenggara","Maluku","","69.84","73.64",""
"KABKOTA","8171","Kota Ambon","Maluku","70.42","72.83","71.39","66.39"
"KABKOTA","8172","Kota Tual","Maluku","","71.24","68.8",""
"KABKOTA","8101","Kabupaten Kepulauan Tanimbar","Maluku","70.21","66.81","74.97","73.24"
"KABKOTA","8104","Kabupaten Buru","Maluku","","","75.47",""
"KABKOTA","8108","Kabupaten Maluku Barat Daya","Maluku","","76.91","66.43","53.99"
"KABKOTA","8103","Kabupaten Maluku Tengah","Maluku","69.77","75.06","75.12","67.39"
"KABKOTA","8106","Kabupaten Seram Bagian Barat","Maluku","70.11","73.77","74.93","67.34"
"KABKOTA","8109","Kabupaten Buru Selatan","Maluku","","73.39","74.75",""
"KABKOTA","8105","Kabupaten Kepulauan Aru","Maluku","","","",""
"KABKOTA","8107","Kabupaten Seram Bagian Timur","Maluku","","72.13","70.42",""
"KABKOTA","8204","Kabupaten Halmahera Selatan","Maluku Utara","76.96","79.12","80.48","81.06"
"KABKOTA","8208","Kabupaten Pulau Taliabu","Maluku Utara","86.86","","73.8",""
"KABKOTA","8205","Kabupaten Halmahera Utara","Maluku Utara","73.08","75.54","73.08","77.08"
"KABKOTA","8207","Kabupaten Pulau Morotai","Maluku Utara","79.62","81.46","82.36",""
"KABKOTA","8202","Kabupaten Halmahera Tengah","Maluku Utara","70.73","","76","73.23"
"KABKOTA","8201","Kabupaten Halmahera Barat","Maluku Utara","79.21","81.05","78.72",""
"KABKOTA","8272","Kota Tidore Kepulauan","Maluku Utara","70.68","73.8","73.22","69.55"
"KABKOTA","8206","Kabupaten Halmahera Timur","Maluku Utara","79.32","79.23","77.93",""
"KABKOTA","8203","Kabupaten Kepulauan Sula","Maluku Utara","","79.01","74.9",""
"KABKOTA","8271","Kota Ternate","Maluku Utara","","83.19","74.47","81.83"
"KABKOTA","1106","Kabupaten Aceh Tengah","Nanggroe Aceh Darussalam","","","81.47","81.05"
"KABKOTA","1114","Kabupaten Aceh Tamiang","Nanggroe Aceh Darussalam","77.68","77.02","78.05","78.62"
"KABKOTA","1172","Kota Sabang","Nanggroe Aceh Darussalam","84.86","82.54","88.8","84.81"
"KABKOTA","1111","Kabupaten Aceh Utara","Nanggroe Aceh Darussalam","","65.77","76.11","76.11"
"KABKOTA","1175","Kota Subulussalam","Nanggroe Aceh Darussalam","","81.08","75.69","80.16"
"KABKOTA","1105","Kabupaten Aceh Timur","Nanggroe Aceh Darussalam","76.55","77.48","80.71","75.96"
"KABKOTA","1173","Kota Langsa","Nanggroe Aceh Darussalam","72.82","81.37","75.31","69.2"
"KABKOTA","1109","Kabupaten Pidie","Nanggroe Aceh Darussalam","73.72","73.79","74.87","70.74"
"KABKOTA","1171","Kota Banda Aceh","Nanggroe Aceh Darussalam","73.66","74.62","75.57","73.34"
"KABKOTA","1118","Kabupaten Pidie Jaya","Nanggroe Aceh Darussalam","77.8","76.43","81.85",""
"KABKOTA","1112","Kabupaten Aceh Barat Daya","Nanggroe Aceh Darussalam","78.24","78.36","76.29","79.02"
"KABKOTA","1116","Kabupaten Aceh Jaya","Nanggroe Aceh Darussalam","75.18","80.26","76.63","72.73"
"KABKOTA","1103","Kabupaten Aceh Selatan","Nanggroe Aceh Darussalam","75.51","75.26","76.18",""
"KABKOTA","1113","Kabupaten Gayo Lues","Nanggroe Aceh Darussalam","76.84","81.67","89.04","78.25"
"KABKOTA","1115","Kabupaten Nagan Raya","Nanggroe Aceh Darussalam","79.45","78.83","76.87","75.82"
"KABKOTA","1104","Kabupaten Aceh Tenggara","Nanggroe Aceh Darussalam","80.6","73.08","83.86",""
"KABKOTA","1101","Kabupaten Simeulue","Nanggroe Aceh Darussalam","79.41","80.33","80.57","80.95"
"KABKOTA","1107","Kabupaten Aceh Barat","Nanggroe Aceh Darussalam","79.56","78.43","75.44","73.97"
"KABKOTA","1117","Kabupaten Bener Meriah","Nanggroe Aceh Darussalam","74.1","79.24","74.55","81.88"
"KABKOTA","1110","Kabupaten Bireuen","Nanggroe Aceh Darussalam","75.56","77.27","75.56","76.52"
"KABKOTA","1174","Kota Lhokseumawe","Nanggroe Aceh Darussalam","","78.84","80.14","72"
"KABKOTA","1108","Kabupaten Aceh Besar","Nanggroe Aceh Darussalam","75.24","76.98","80.13","78.83"
"KABKOTA","1102","Kabupaten Aceh Singkil","Nanggroe Aceh Darussalam","74.14","","76.32","79.78"
"KABKOTA","5204","Kabupaten Sumbawa","Nusa Tenggara Barat","70.66","76.48","72.44","69.83"
"KABKOTA","5202","Kabupaten Lombok Tengah","Nusa Tenggara Barat","75.45","73.8","66.15","60.57"
"KABKOTA","5272","Kota Bima","Nusa Tenggara Barat","68.6","73.8","68.73","67.91"
"KABKOTA","5201","Kabupaten Lombok Barat","Nusa Tenggara Barat","72.4","73.31","71.58","69.81"
"KABKOTA","5207","Kabupaten Sumbawa Barat","Nusa Tenggara Barat","78.32","74.76","77.87","72.95"
"KABKOTA","5271","Kota Mataram","Nusa Tenggara Barat","68.37","67","68.76","65.79"
"KABKOTA","5208","Kabupaten Lombok Utara","Nusa Tenggara Barat","77.68","80.57","78.55","74.82"
"KABKOTA","5203","Kabupaten Lombok Timur","Nusa Tenggara Barat","70.88","72.86","63.59","62.36"
"KABKOTA","5206","Kabupaten Bima","Nusa Tenggara Barat","67.41","73.98","64.26","74.63"
"KABKOTA","5205","Kabupaten Dompu","Nusa Tenggara Barat","65.78","74.42","70.48","71.97"
"KABKOTA","5315","Kabupaten Manggarai Barat","Nusa Tenggara Timur","73.79","70.15","76.27","70.21"
"KABKOTA","5306","Kabupaten Belu","Nusa Tenggara Timur","74.73","75.17","74.74","66.46"
"KABKOTA","5313","Kabupaten Manggarai","Nusa Tenggara Timur","71.08","73.06","76.1","75.35"
"KABKOTA","5310","Kabupaten Sikka","Nusa Tenggara Timur","","75.84","71.2","76.92"
"KABKOTA","5318","Kabupaten Nagekeo","Nusa Tenggara Timur","72.6","75.3","71.38","71.98"
"KABKOTA","5302","Kabupaten Sumba Timur","Nusa Tenggara Timur","64.38","69.08","69.64","74.58"
"KABKOTA","5316","Kabupaten Sumba Tengah","Nusa Tenggara Timur","61.69","56.93","68.18","69.21"
"KABKOTA","5309","Kabupaten Flores Timur","Nusa Tenggara Timur","63.21","70.3","69.56","69.31"
"KABKOTA","5311","Kabupaten Ende","Nusa Tenggara Timur","72.71","77.49","70.7","73.43"
"KABKOTA","5303","Kabupaten Kupang","Nusa Tenggara Timur","76.42","74.59","81.05","78.29"
"KABKOTA","5319","Kabupaten Manggarai Timur","Nusa Tenggara Timur","","76.26","69.28",""
"KABKOTA","5307","Kabupaten Alor","Nusa Tenggara Timur","69.95","58","76.65","77.62"
"KABKOTA","5320","Kabupaten Sabu Raijua","Nusa Tenggara Timur","","72.9","70.87",""
"KABKOTA","5312","Kabupaten Ngada","Nusa Tenggara Timur","74.59","73.51","71.37","79.14"
"KABKOTA","5304","Kabupaten Timor Tengah Selatan","Nusa Tenggara Timur","71.47","72.5","73.47",""
"KABKOTA","5371","Kota Kupang","Nusa Tenggara Timur","69.41","71.32","73.37","70.36"
"KABKOTA","5305","Kabupaten Timor Tengah Utara","Nusa Tenggara Timur","74.97","71.49","70.75",""
"KABKOTA","5314","Kabupaten Rote Ndao","Nusa Tenggara Timur","70.21","70.66","74.22","77.24"
"KABKOTA","5317","Kabupaten Sumba Barat Daya","Nusa Tenggara Timur","62.86","66.08","69.81","71.03"
"KABKOTA","5308","Kabupaten Lembata","Nusa Tenggara Timur","69","71.79","72.83","75.94"
"KABKOTA","5301","Kabupaten Sumba Barat","Nusa Tenggara Timur","","75.58","74.73",""
"KABKOTA","5321","Kabupaten Malaka","Nusa Tenggara Timur","","73.31","69.51",""
"KABKOTA","9471","Kota Jayapura","Papua","64.18","66.52","64.12","63.54"
"KABKOTA","9409","Kabupaten Biak Numfor","Papua","57.93","71.49","70.52","70.96"
"KABKOTA","9427","Kabupaten Supiori","Papua","","77.79","74.76","69.55"
"KABKOTA","9419","Kabupaten Sarmi","Papua","","66.28","58.61","71.03"
"KABKOTA","9428","Kabupaten Mamberamo Raya","Papua","","73.12","70.89","68.41"
"KABKOTA","9403","Kabupaten Jayapura","Papua","73.31","78.05","75.33","68.39"
"KABKOTA","9420","Kabupaten Keerom","Papua","","64.51","60.48","68.22"
"KABKOTA","9408","Kabupaten Kepulauan Yapen","Papua","","75.48","73.11","69.64"
"KABKOTA","9426","Kabupaten Waropen","Papua","","66.86","63.99","67.36"
"KABKOTA","9101","Kabupaten Fakfak","Papua Barat","83.2","","74.11",""
"KABKOTA","9111","Kabupaten Manokwari Selatan","Papua Barat","85.63","","80.81","77"
"KABKOTA","9103","Kabupaten Teluk Wondama","Papua Barat","","73.16","74.4","66.24"
"KABKOTA","9112","Kabupaten Pegunungan Arfak","Papua Barat","","72.43","73.53","68.38"
"KABKOTA","9105","Kabupaten Manokwari","Papua Barat","71.89","71.67","73.53","66.99"
"KABKOTA","9102","Kabupaten Kaimana","Papua Barat","","73.29","84.97","69.18"
"KABKOTA","9104","Kabupaten Teluk Bintuni","Papua Barat","","72.31","70.63","68.08"
"KABKOTA","9271","Kota Sorong","Papua Barat Daya","","75.37","73.44","69.28"
"KABKOTA","9205","Kabupaten Tambrauw","Papua Barat Daya","","73.21","73.88","80.37"
"KABKOTA","9202","Kabupaten Sorong","Papua Barat Daya","","70.82","73.63",""
"KABKOTA","9203","Kabupaten Sorong Selatan","Papua Barat Daya","","72.22","71.8",""
"KABKOTA","9204","Kabupaten Maybrat","Papua Barat Daya","","73.27","75.08","82.95"
"KABKOTA","9201","Kabupaten Raja Ampat","Papua Barat Daya","","73.32","71.56","69.86"
"KABKOTA","9708","Kabupaten Pegunungan Bintang","Papua Pegunungan","","74.09","74.23","74.75"
"KABKOTA","9704","Kabupaten Tolikara","Papua Pegunungan","","72.39","74.05",""
"KABKOTA","9702","Kabupaten Jayawijaya","Papua Pegunungan","","73.76","69.11",""
"KABKOTA","9707","Kabupaten Yahukimo","Papua Pegunungan","","73.93","",""
"KABKOTA","9703","Kabupaten Lanny Jaya","Papua Pegunungan","","74.7","76.88",""
"KABKOTA","9705","Kabupaten Mamberamo Tengah","Papua Pegunungan","","72.36","74.51",""
"KABKOTA","9701","Kabupaten Nduga","Papua Pegunungan","","71.03","72.24",""
"KABKOTA","9706","Kabupaten Yalimo","Papua Pegunungan","","73.38","75.9",""
"KABKOTA","9501","Kabupaten Merauke","Papua Selatan","","70.61","71.92",""
"KABKOTA","9504","Kabupaten Asmat","Papua Selatan","","67.1","68.72","70.91"
"KABKOTA","9503","Kabupaten Mappi","Papua Selatan","","73.56","74.01","66.28"
"KABKOTA","9502","Kabupaten Boven Digoel","Papua Selatan","","74.52","74.54","75.74"
"KABKOTA","9604","Kabupaten Nabire","Papua Tengah","","","69.64","70.45"
"KABKOTA","9605","Kabupaten Paniai","Papua Tengah","","","75.12",""
"KABKOTA","9608","Kabupaten Puncak Jaya","Papua Tengah","","76.26","76.19",""
"KABKOTA","9601","Kabupaten Mimika","Papua Tengah","","","77.83","79.36"
"KABKOTA","9603","Kabupaten Deiyai","Papua Tengah","","","72",""
"KABKOTA","9602","Kabupaten Dogiyai","Papua Tengah","","","74.98",""
"KABKOTA","9606","Kabupaten Intan Jaya","Papua Tengah","","","",""
"KABKOTA","9607","Kabupaten Puncak","Papua Tengah","","","",""
"KABKOTA","1405","Kabupaten Siak","Riau","56.46","52.68","61.93","60.59"
"KABKOTA","1408","Kabupaten Bengkalis","Riau","65.23","65.46","58.07","78.93"
"KABKOTA","1473","Kota Dumai","Riau","68.3","44.08","59.26","61.9"
"KABKOTA","1401","Kabupaten Kuantan Singingi","Riau","74.02","75.22","75.58","67.75"
"KABKOTA","1403","Kabupaten Indragiri Hilir","Riau","49.44","44.98","56.47","55.78"
"KABKOTA","1409","Kabupaten Rokan Hilir","Riau","55.69","59.9","67.2","56.85"
"KABKOTA","1402","Kabupaten Indragiri Hulu","Riau","78.03","75.31","79.76","81.64"
"KABKOTA","1407","Kabupaten Rokan Hulu","Riau","75.47","77.33","71.47","68.05"
"KABKOTA","1471","Kota Pekanbaru","Riau","69.2","65.53","62.7","67.22"
"KABKOTA","1404","Kabupaten Pelalawan","Riau","68.89","70.3","75.01","68.3"
"KABKOTA","1406","Kabupaten Kampar","Riau","73.53","74.31","68.58","71.01"
"KABKOTA","1410","Kabupaten Kepulauan Meranti","Riau","75.11","74.63","73","63.82"
"KABKOTA","7601","Kabupaten Majene","Sulawesi Barat","73.31","73.39","71.4","78.54"
"KABKOTA","7602","Kabupaten Polewali Mandar","Sulawesi Barat","74.9","79.12","76.49","76.43"
"KABKOTA","7605","Kabupaten Pasangkayu","Sulawesi Barat","78.08","77.85","75.46","70.55"
"KABKOTA","7604","Kabupaten Mamuju","Sulawesi Barat","81.16","77.93","74.42","80.19"
"KABKOTA","7606","Kabupaten Mamuju Tengah","Sulawesi Barat","78.1","79.18","74.16","77.61"
"KABKOTA","7603","Kabupaten Mamasa","Sulawesi Barat","71.42","73.07","72.5","66.71"
"KABKOTA","7302","Kabupaten Bulukumba","Sulawesi Selatan","77.12","67.78","69.1","80.17"
"KABKOTA","7304","Kabupaten Jeneponto","Sulawesi Selatan","72.41","76.74","71.83","78.89"
"KABKOTA","7313","Kabupaten Wajo","Sulawesi Selatan","70.07","74.15","72.5","67.13"
"KABKOTA","7303","Kabupaten Bantaeng","Sulawesi Selatan","75.35","81.49","82.04","79.46"
"KABKOTA","7308","Kabupaten Maros","Sulawesi Selatan","73.57","73.86","79.09","74.88"
"KABKOTA","7307","Kabupaten Sinjai","Sulawesi Selatan","81.54","85.31","80.42","81.59"
"KABKOTA","7315","Kabupaten Pinrang","Sulawesi Selatan","71.57","73.86","70.84","72.06"
"KABKOTA","7301","Kabupaten Kepulauan Selayar","Sulawesi Selatan","73.63","75.58","72.8","79.08"
"KABKOTA","7322","Kabupaten Luwu Utara","Sulawesi Selatan","","80.94","73.86","75.36"
"KABKOTA","7310","Kabupaten Barru","Sulawesi Selatan","71.95","80.4","73.27","72.77"
"KABKOTA","7373","Kota Palopo","Sulawesi Selatan","","71.01","73.61","75.02"
"KABKOTA","7325","Kabupaten Luwu Timur","Sulawesi Selatan","","81.85","79.84","76.98"
"KABKOTA","7316","Kabupaten Enrekang","Sulawesi Selatan","73.86","76.56","73.29","80.21"
"KABKOTA","7306","Kabupaten Gowa","Sulawesi Selatan","68.88","72.92","71.75","69.63"
"KABKOTA","7311","Kabupaten Bone","Sulawesi Selatan","73.85","78.6","73.93","76.39"
"KABKOTA","7309","Kabupaten Pangkajene Kepulauan","Sulawesi Selatan","81.56","76.66","79","77.97"
"KABKOTA","7314","Kabupaten Sidenreng Rappang","Sulawesi Selatan","73.96","71.43","69.31","67.82"
"KABKOTA","7318","Kabupaten Tana Toraja","Sulawesi Selatan","74.78","74.18","73.73","69.44"
"KABKOTA","7317","Kabupaten Luwu","Sulawesi Selatan","77.61","","","83.08"
"KABKOTA","7326","Kabupaten Toraja Utara","Sulawesi Selatan","","77.18","77.45","77.42"
"KABKOTA","7371","Kota Makassar","Sulawesi Selatan","67.69","74.52","70.56","74.17"
"KABKOTA","7312","Kabupaten Soppeng","Sulawesi Selatan","70.43","72.81","74.85","75.57"
"KABKOTA","7305","Kabupaten Takalar","Sulawesi Selatan","","71.06","69.3","67.88"
"KABKOTA","7372","Kota Pare-pare","Sulawesi Selatan","","71.7","70.23","65.55"
"KABKOTA","7201","Kabupaten Banggai Kepulauan","Sulawesi Tengah","82.17","86.39","86.96","83.8"
"KABKOTA","7212","Kabupaten Morowali Utara","Sulawesi Tengah","","87.24","84.39","79.45"
"KABKOTA","7207","Kabupaten Buol","Sulawesi Tengah","77.56","86.2","82.31","78.24"
"KABKOTA","7211","Kabupaten Banggai Laut","Sulawesi Tengah","72.79","81.72","81.22","87.23"
"KABKOTA","7205","Kabupaten Donggala","Sulawesi Tengah","71.02","80.59","80.35","80.01"
"KABKOTA","7203","Kabupaten Morowali","Sulawesi Tengah","80.7","82.37","81.44","81.29"
"KABKOTA","7202","Kabupaten Banggai","Sulawesi Tengah","83.49","85.84","83.4","82.87"
"KABKOTA","7210","Kabupaten Sigi","Sulawesi Tengah","76.95","77.29","76.71","79.22"
"KABKOTA","7209","Kabupaten Tojo Una-Una","Sulawesi Tengah","74.15","88.65","84.35","82.77"
"KABKOTA","7204","Kabupaten Poso","Sulawesi Tengah","72.5","78.33","76.6","74.79"
"KABKOTA","7206","Kabupaten Toli Toli","Sulawesi Tengah","72.97","68.37","84.57",""
"KABKOTA","7271","Kota Palu","Sulawesi Tengah","76.19","86.38","83.45","83.27"
"KABKOTA","7208","Kabupaten Parigi Moutong","Sulawesi Tengah","63.57","69.56","67.65","78.84"
"KABKOTA","7412","Kabupaten Konawe Kepulauan","Sulawesi Tenggara","","74.33","69.79","84.73"
"KABKOTA","7407","Kabupaten Wakatobi","Sulawesi Tenggara","","92.02","",""
"KABKOTA","7471","Kota Kendari","Sulawesi Tenggara","62.17","72.59","68.24","78.09"
"KABKOTA","7415","Kabupaten Buton Selatan","Sulawesi Tenggara","62.97","79.51","84.42","83.1"
"KABKOTA","7409","Kabupaten Buton Utara","Sulawesi Tenggara","59","79.14","78.1","72.37"
"KABKOTA","7405","Kabupaten Konawe Selatan","Sulawesi Tenggara","76.4","76.58","82.61","82.48"
"KABKOTA","7413","Kabupaten Muna Barat","Sulawesi Tenggara","","70.45","73.95",""
"KABKOTA","7406","Kabupaten Bombana","Sulawesi Tenggara","71.23","76.59","78.07","81.77"
"KABKOTA","7404","Kabupaten Kolaka","Sulawesi Tenggara","66.04","88.3","86.91","86.25"
"KABKOTA","7472","Kota Bau-bau","Sulawesi Tenggara","","73.86","75.27","82.07"
"KABKOTA","7403","Kabupaten Konawe","Sulawesi Tenggara","71.4","74.91","82.36","87.7"
"KABKOTA","7410","Kabupaten Konawe Utara","Sulawesi Tenggara","70.64","74.45","75.72","75.03"
"KABKOTA","7411","Kabupaten Kolaka Timur","Sulawesi Tenggara","66.14","81.13","84.51","82.94"
"KABKOTA","7401","Kabupaten Buton","Sulawesi Tenggara","","77.65","77.08",""
"KABKOTA","7408","Kabupaten Kolaka Utara","Sulawesi Tenggara","","79.52","77.89","85.52"
"KABKOTA","7402","Kabupaten Muna","Sulawesi Tenggara","","73.61","72.09","71.17"
"KABKOTA","7414","Kabupaten Buton Tengah","Sulawesi Tenggara","","76.69","73.22","76.04"
"KABKOTA","7105","Kabupaten Minahasa Selatan","Sulawesi Utara","79.15","82.02","84.55","74.75"
"KABKOTA","7101","Kabupaten Bolaang Mongondow","Sulawesi Utara","68.35","73.39","73.25","74.39"
"KABKOTA","7109","Kabupaten Minahasa Tenggara","Sulawesi Utara","72.33","76.92","71.87","78.22"
"KABKOTA","7106","Kabupaten Minahasa Utara","Sulawesi Utara","74.01","75.73","70.36","74.63"
"KABKOTA","7110","Kabupaten Bolaang Mongondow Selatan","Sulawesi Utara","","77.46","80.75","79.68"
"KABKOTA","7172","Kota Bitung","Sulawesi Utara","76.6","","79.61","68.21"
"KABKOTA","7174","Kota Kotamobagu","Sulawesi Utara","72.55","76.22","72.52","73.65"
"KABKOTA","7104","Kabupaten Kepulauan Talaud","Sulawesi Utara","","88.42","","79.44"
"KABKOTA","7173","Kota Tomohon","Sulawesi Utara","","76.06","70.66",""
"KABKOTA","7107","Kabupaten Bolaang Mongondow Utara","Sulawesi Utara","","72.02","71.09","67.16"
"KABKOTA","7102","Kabupaten Minahasa","Sulawesi Utara","","76.72","77.34","76.25"
"KABKOTA","7171","Kota Manado","Sulawesi Utara","","","72.01",""
"KABKOTA","7111","Kabupaten Bolaang Mongondow Timur","Sulawesi Utara","79.62","77.78","80.82","76.74"
"KABKOTA","7103","Kabupaten Kepulauan Sangihe","Sulawesi Utara","","73.75","74.11",""
"KABKOTA","7108","Kabupaten Kepulauan Siau Tagulandang Biaro","Sulawesi Utara","","72.38","73.51","81.08"
"KABKOTA","1308","Kabupaten Lima Puluh Kota","Sumatera Barat","75.56","74.68","76.87","76.65"
"KABKOTA","1304","Kabupaten Sijunjung","Sumatera Barat","72.15","74.76","68.86","70.91"
"KABKOTA","1375","Kota Bukittinggi","Sumatera Barat","66.51","65.64","67.47","63.48"
"KABKOTA","1377","Kota Pariaman","Sumatera Barat","71.16","70.34","66.67","68.26"
"KABKOTA","1309","Kabupaten Pasaman","Sumatera Barat","","79.33","67.45",""
"KABKOTA","1374","Kota Padang Panjang","Sumatera Barat","76.24","77.64","72.24","72.65"
"KABKOTA","1305","Kabupaten Tanah Datar","Sumatera Barat","77.12","77.72","77.48","75.96"
"KABKOTA","1303","Kabupaten Solok","Sumatera Barat","75.99","75.17","74.48","78.51"
"KABKOTA","1376","Kota Payakumbuh","Sumatera Barat","72.54","67.18","69.11","67.67"
"KABKOTA","1372","Kota Solok","Sumatera Barat","70.85","69.14","69.23","69.71"
"KABKOTA","1373","Kota Sawah Lunto","Sumatera Barat","74.44","71.27","73.43","76.85"
"KABKOTA","1310","Kabupaten Solok Selatan","Sumatera Barat","71.92","77.32","80.97","65.68"
"KABKOTA","1311","Kabupaten Dharmas Raya","Sumatera Barat","71.55","71.83","68.77","67.36"
"KABKOTA","1307","Kabupaten Agam","Sumatera Barat","79.95","80.32","74.84","79.25"
"KABKOTA","1312","Kabupaten Pasaman Barat","Sumatera Barat","74.3","76.38","74.47",""
"KABKOTA","1306","Kabupaten Padang Pariaman","Sumatera Barat","76.92","80.86","74.31","76.21"
"KABKOTA","1371","Kota Padang","Sumatera Barat","79.32","80.68","79.67","79.88"
"KABKOTA","1302","Kabupaten Pesisir Selatan","Sumatera Barat","","78.24","78.11","79.61"
"KABKOTA","1301","Kabupaten Kepulauan Mentawai","Sumatera Barat","","71.72","70.68","67.92"
"KABKOTA","1671","Kota Palembang","Sumatera Selatan","73.29","73.23","73.12","72.66"
"KABKOTA","1605","Kabupaten Musi Rawas","Sumatera Selatan","78.05","81.34","81.31","75.11"
"KABKOTA","1606","Kabupaten Musi Banyu Asin","Sumatera Selatan","68.47","63.78","67.04","67.28"
"KABKOTA","1613","Kabupaten Musi Rawas Utara","Sumatera Selatan","79.17","78.62","75.47","72.69"
"KABKOTA","1603","Kabupaten Muara Enim","Sumatera Selatan","76.22","73.19","71.68","73.2"
"KABKOTA","1672","Kota Prabumulih","Sumatera Selatan","76.6","68.83","71.12","71.58"
"KABKOTA","1608","Kabupaten Ogan Komering Ulu Selatan","Sumatera Selatan","80.49","79.04","77.26","74.14"
"KABKOTA","1612","Kabupaten Penukal Abab Lematang Ilir","Sumatera Selatan","78.49","77.65","76.12","73.18"
"KABKOTA","1611","Kabupaten Empat Lawang","Sumatera Selatan","77.3","71.56","77.09","76.79"
"KABKOTA","1607","Kabupaten Banyuasin","Sumatera Selatan","75.12","76.08","74.72","72.62"
"KABKOTA","1674","Kota Lubuklinggau","Sumatera Selatan","81.63","84.68","82.44","80.12"
"KABKOTA","1609","Kabupaten Ogan Komering Ulu Timur","Sumatera Selatan","80.7","73.85","70.97","68.33"
"KABKOTA","1602","Kabupaten Ogan Komering Ilir","Sumatera Selatan","71.6","74.26","71.65","70.46"
"KABKOTA","1610","Kabupaten Ogan Ilir","Sumatera Selatan","78.38","72.76","74.97","70.4"
"KABKOTA","1601","Kabupaten Ogan Komering Ulu","Sumatera Selatan","77.6","75.41","77.47","74.32"
"KABKOTA","1673","Kota Pagar Alam","Sumatera Selatan","80.18","79.3","76.82","66.06"
"KABKOTA","1604","Kabupaten Lahat","Sumatera Selatan","78.45","80.91","81.47","79.79"
"KABKOTA","1275","Kota Medan","Sumatera Utara","73.96","72.41","73.55","73.74"
"KABKOTA","1277","Kota Padangsidempuan","Sumatera Utara","79.79","83.28","76.03","71.56"
"KABKOTA","1208","Kabupaten Asahan","Sumatera Utara","70.77","74.89","74.16","77.22"
"KABKOTA","1274","Kota Tebing Tinggi","Sumatera Utara","75.06","69.72","68.97","66.64"
"KABKOTA","1276","Kota Binjai","Sumatera Utara","","82.68","71.28","68.79"
"KABKOTA","1218","Kabupaten Serdang Bedagai","Sumatera Utara","78.29","75.85","67.25","69.96"
"KABKOTA","1203","Kabupaten Tapanuli Selatan","Sumatera Utara","","88.21","87.17",""
"KABKOTA","1205","Kabupaten Tapanuli Utara","Sumatera Utara","72.45","73.74","79.35","80.32"
"KABKOTA","1211","Kabupaten Karo","Sumatera Utara","","82.69","81.66","77.53"
"KABKOTA","1217","Kabupaten Samosir","Sumatera Utara","76.25","80.89","78.15","77.11"
"KABKOTA","1219","Kabupaten Batubara","Sumatera Utara","79.18","70.47","81.61","78.91"
"KABKOTA","1221","Kabupaten Padang Lawas","Sumatera Utara","77.6","69.45","77.27",""
"KABKOTA","1213","Kabupaten Langkat","Sumatera Utara","79.37","85.16","85.83","75.3"
"KABKOTA","1216","Kabupaten Pakpak Barat","Sumatera Utara","","85.9","87.01","83.87"
"KABKOTA","1273","Kota Pematang Siantar","Sumatera Utara","","77.21","77.82","74.96"
"KABKOTA","1212","Kabupaten Deli Serdang","Sumatera Utara","63.55","76.23","70.52","69.59"
"KABKOTA","1222","Kabupaten Labuhanbatu Selatan","Sumatera Utara","","","80.3","80.42"
"KABKOTA","1215","Kabupaten Humbang Hasundutan","Sumatera Utara","","73.28","69.19","73.48"
"KABKOTA","1214","Kabupaten Nias Selatan","Sumatera Utara","","74.49","70.8",""
"KABKOTA","1204","Kabupaten Tapanuli Tengah","Sumatera Utara","85.92","","89.22","74.62"
"KABKOTA","1202","Kabupaten Mandailing Natal","Sumatera Utara","70.68","79.07","81.47","78.93"
"KABKOTA","1271","Kota Sibolga","Sumatera Utara","74.47","80.19","","69.82"
"KABKOTA","1278","Kota Gunung Sitoli","Sumatera Utara","83.9","","52.38","67.85"
"KABKOTA","1206","Kabupaten Toba","Sumatera Utara","71.8","73.54","71.95","69.99"
"KABKOTA","1210","Kabupaten Dairi","Sumatera Utara","","74.45","73.72","73.06"
"KABKOTA","1207","Kabupaten Labuhanbatu","Sumatera Utara","","75","72.03","65"
"KABKOTA","1223","Kabupaten Labuhanbatu Utara","Sumatera Utara","","76.14","72.27","62.72"
"KABKOTA","1201","Kabupaten Nias","Sumatera Utara","","74.93","79.58","84.3"
"KABKOTA","1225","Kabupaten Nias Barat","Sumatera Utara","","72.89","70.69",""
"KABKOTA","1224","Kabupaten Nias Utara","Sumatera Utara","","71.47","64.08",""
"KABKOTA","1220","Kabupaten Padang Lawas Utara","Sumatera Utara","","72.42","72.75","62.45"
"KABKOTA","1209","Kabupaten Simalungun","Sumatera Utara","","71.78","70.41","65.52"
"KABKOTA","1272","Kota Tanjung Balai","Sumatera Utara","","70.77","68.04","69.22"
"PROV","11","Nanggroe Aceh Darussalam","Nanggroe Aceh Darussalam","76.89","77.55","78.7","76.99"
"PROV","12","Sumatera Utara","Sumatera Utara","75.82","76.31","74.89","72.96"
"PROV","13","Sumatera Barat","Sumatera Barat","74.16","74.75","72.9","72.74"
"PROV","14","Riau","Riau","67.45","64.98","67.42","66.82"
"PROV","15","Jambi","Jambi","70.25","70.17","66.95","66.89"
"PROV","16","Sumatera Selatan","Sumatera Selatan","77.16","75.56","75.34","72.87"
"PROV","17","Bengkulu","Bengkulu","63.88","63.49","67.13","68.47"
"PROV","18","Lampung","Lampung","73.17","70.52","74.16","73.72"
"PROV","19","Kepulauan Bangka Belitung","Kepulauan Bangka Belitung","72.77","72.61","70.95","71.45"
"PROV","21","Kepulauan Riau","Kepulauan Riau","76.92","76.86","73.22","76.43"
"PROV","31","DKI Jakarta","DKI Jakarta","67.64","61.88","56.49","56.56"
"PROV","32","Jawa Barat","Jawa Barat","64.67","64.48","65.49","67.43"
"PROV","33","Jawa Tengah","Jawa Tengah","67.39","69.17","70.96","72.26"
"PROV","34","Daerah Istimewa Yogyakarta","Daerah Istimewa Yogyakarta","71.38","74.35","74.15","72.67"
"PROV","35","Jawa Timur","Jawa Timur","72.17","70.98","70.78","72.41"
"PROV","36","Banten","Banten","68.04","67.52","66.56","71.13"
"PROV","51","Bali","Bali","69.53","73.64","74.51","76.65"
"PROV","52","Nusa Tenggara Barat","Nusa Tenggara Barat","71.56","74.1","70.24","69.06"
"PROV","53","Nusa Tenggara Timur","Nusa Tenggara Timur","70.18","71.42","72.53","73.57"
"PROV","61","Kalimantan Barat","Kalimantan Barat","71.55","69.81","68.3","66.47"
"PROV","62","Kalimantan Tengah","Kalimantan Tengah","72.72","71.23","69.57","69.61"
"PROV","63","Kalimantan Selatan","Kalimantan Selatan","71.53","72.62","70.99","70.62"
"PROV","64","Kalimantan Timur","Kalimantan Timur","74.58","71.53","69.99","70.82"
"PROV","65","Kalimantan Utara","Kalimantan Utara","73.19","74.71","71.45","72.62"
"PROV","71","Sulawesi Utara","Sulawesi Utara","74.66","76.84","75.18","75.35"
"PROV","72","Sulawesi Tengah","Sulawesi Tengah","75.34","81.46","81.03","80.98"
"PROV","73","Sulawesi Selatan","Sulawesi Selatan","73.88","75.68","74.03","74.94"
"PROV","74","Sulawesi Tenggara","Sulawesi Tenggara","67.33","77.73","77.51","80.66"
"PROV","75","Gorontalo","Gorontalo","73.55","75.75","74.03","71.19"
"PROV","76","Sulawesi Barat","Sulawesi Barat","76.16","76.76","74.07","75.01"
"PROV","81","Maluku","Maluku","70.13","72.44","72.59","65.67"
"PROV","82","Maluku Utara","Maluku Utara","77.06","79.05","76.5","76.55"
"PROV","91","Papua Barat","Papua Barat","80.24","72.57","76","69.31"
"PROV","94","Papua","Papua","65.14","71.12","67.98","68.57"
"PROV","96","Papua Tengah","Papua Tengah","","76.26","74.29","74.91"
"PROV","95","Papua Selatan","Papua Selatan","","71.45","72.3","70.98"
"PROV","92","Papua Barat Daya","Papua Barat Daya","","73.04","73.23","75.62"
"PROV","97","Papua Pegunungan","Papua Pegunungan","","73.21","73.85","74.75"